caption,image_file
A girl barista in a cafe stands near a coffee machine,Arabica.jpg
A girl with cat stands near the bed,Bed Illustration.jpg
A girl with dog sits next to a sakura,Best friend and sakura.jpg
A flower with green leaves opens,Bloom time.jpg
A girl pays using phone to a barista girl,Buying coffee.jpg
The girls sit in a cafe with a large window and study,Cafe in Florence.jpg
A guy gives a little boy a box and cake,Cake buyer.jpg
The yellow pink purple cakes mug fork,Сakes.jpg
A cat sits on a bench next to the sakura trees,Сat with Elle name and sakura.jpg
The girls choose a cake on a black bench,Сhoosing a cake.jpg
A mug a plate a napkin a fork a glass,Сoffee in Ikebukuro.jpg
A coffee is in a white glass with a black lid and newspaper,Coffee in Matsumoto.jpg
A girl sits and has coffee cake,Coffee moment.jpg
A girl in a brown coat chooses her coffee in a cafe with a large black and white table,Coffee shop in Vienna.jpg
The hands reach for coffee mugs,Coffee time with friends.jpg
Two girls sit at a table drink coffee аnd talk,Connection between friends.jpg
The notebook coffee mug pen flowers in a vase,Diary time.jpg
A woman in a spacesuit waves his hand,Female astronaut.jpg
A girl drives a blue car,Female driver.jpg
A girl with yellow hair holds a basketball ball,Female sportswoman.jpg
The white house grass trees fence,Fields near to Bergamo.jpg
A florist girl collects a bouquet,Florist girl.jpg
A girl works in a pink laptop,Freelance girl.jpg
A geisha in a purple kimono holds yellow flowers,Geisha.jpg
The girls sit at tables with an umbrella,girls and tables.jpg
A girl in a blue dress with pink flowers on the background,In bloom.jpg
A brown cafe is behind Sakura,Japanese cafe with sakura.jpg
Two girls sit in a restaurant with flowers on the windowsill,Ladies in restaurant.jpg
A family stands next to the barista and waites for coffee,Line for a coffee.jpg
A girl listens to the shell there is a vase and jewelry nearby,Listening to the waves.jpg
A guy and a girl hugg under an umbrella,Long hugs.jpg
A guy and a girl kiss in a cafe next to the table,Metting in cafe.jpg
A lot of people in the supermarket choose their own product,Morning market in Antibes France.jpg
Two houses and a tree,Paris.jpg
A girl sits at a green table and eats pasta,Pasta time.jpg
A woman puts a bow on a girl's hair,Postcard for a ribbon atelier.jpg
A girl with a bow on her hair holds a bouquet of flowers,Postcard for ribbon atelier.jpg
A girl sits on a black chair and holds a coffee,Procrastination in the office.jpg
A girl takes a picture of the red gate,Red Gates.jpg
A girl lies on a tree,Rest time.jpg
The four orange Shiba dogs,Shiba Inu.jpg
The brown tables and chairs pink leaves,Spring almost gone.jpg
A large green tree,Summer.jpg
A girl sits next to the pool,Swimming pool.jpg
The girls draw blue flowers,Talking through art.jpg
The tea and cake,Tea and cake in Starbucks.jpg
The people eat pasta and sit in front of the chefs,Tempura Restaurant In Asakusa.jpg
The people go down the escalator next to a store with bags,Time in supermarket.jpg
A girl stands with her hair down next to the flowers,Time to think.jpg
The girls walk with a dog among flowers,Tulips field.jpg
2 Vending Machines with drinks,Vending Machines In Tokyo.jpg
A couple walks near the house in winter,Walk under snow.jpg
A girl lies on three huge suitcases,Where is my hom.jpg
A girl with a big bag stands next to a tree with purple leaves,Wisteria illustration.jpg
A girl with the red cape on the back,Women power.jpg
The cup of coffee a green laptop headphones a piece of paper,Work space.jpg